{"cameraMode":{"drawMode":0,"name":"Shaded","section":"Shading Mode"},"sceneLighting":true,"audioPlay":false,"sceneViewState":{"m_AlwaysRefresh":false,"showFog":true,"showSkybox":true,"showFlares":true,"showImageEffects":true,"showParticleSystems":true,"showVisualEffectGraphs":true,"m_FxEnabled":true},"in2DMode":false,"pivot":{"x":-0.14355087280273438,"y":5.462531089782715,"z":-9.903636932373047},"rotation":{"x":-0.17044810950756074,"y":0.01684567891061306,"z":-0.0029145267326384784,"w":-0.98521888256073},"size":2.0297608375549318,"orthographic":false}