{"cameraMode":{"drawMode":0,"name":"Shaded","section":"Shading Mode"},"sceneLighting":true,"audioPlay":false,"sceneViewState":{"m_AlwaysRefresh":false,"showFog":true,"showSkybox":true,"showFlares":true,"showImageEffects":true,"showParticleSystems":true,"showVisualEffectGraphs":true,"m_FxEnabled":true},"in2DMode":false,"pivot":{"x":-2.054548501968384,"y":0.15864038467407227,"z":-0.012971878051757813},"rotation":{"x":-0.24382150173187257,"y":0.0063979486003518108,"z":-0.0016085075912997127,"w":-0.9697986841201782},"size":6.284879684448242,"orthographic":false}